<?xml version="1.0" encoding="UTF-8"?>
<project-private xmlns="http://www.netbeans.org/ns/project-private/1">
    <editor-bookmarks xmlns="http://www.netbeans.org/ns/editor-bookmarks/2" lastBookmarkId="0"/>
    <open-files xmlns="http://www.netbeans.org/ns/projectui-open-files/2">
        <group>
            <file>file:/E:/CIS260/ElevatorSim/ElevatorSim/src/elevatorsim/data/Elevator.java</file>
            <file>file:/E:/CIS260/ElevatorSim/ElevatorSim/src/elevatorsim/ui/SimWindow.java</file>
            <file>file:/E:/CIS260/ElevatorSim/ElevatorSim/src/elevatorsim/data/State.java</file>
            <file>file:/E:/CIS260/ElevatorSim/ElevatorSim/src/elevatorsim/controller/SimController.java</file>
            <file>file:/E:/CIS260/ElevatorSim/ElevatorSim/src/elevatorsim/data/Scheduler.java</file>
            <file>file:/E:/CIS260/ElevatorSim/ElevatorSim/src/elevatorsim/data/Scenario.java</file>
            <file>file:/E:/CIS260/ElevatorSim/ElevatorSim/src/elevatorsim/controller/SimTimer.java</file>
            <file>file:/E:/CIS260/ElevatorSim/ElevatorSim/src/elevatorsim/ui/DrawTimer.java</file>
            <file>file:/E:/CIS260/ElevatorSim/ElevatorSim/src/elevatorsim/ui/ConfigWindow.java</file>
            <file>file:/E:/CIS260/ElevatorSim/ElevatorSim/src/elevatorsim/data/ElevatorBank.java</file>
            <file>file:/E:/CIS260/ElevatorSim/ElevatorSim/src/elevatorsim/data/Person.java</file>
            <file>file:/E:/CIS260/ElevatorSim/ElevatorSim/src/elevatorsim/data/Floor.java</file>
        </group>
    </open-files>
</project-private>
